Name,Status
processed_0000139,Done
processed_0004194,Done
processed_0010439,Done
processed_0015049,Done
processed_0016830,Done
processed_0023563,Done
processed_0026502,Done
processed_0027328,Done
processed_0031996,Done
processed_0033296,Done
processed_0000403,Done
processed_0000437,Done
processed_0004169,Done
processed_0004330,Done
processed_0005418,Done
processed_0006161,Done
processed_0007695,Done
processed_0008097,Done
processed_0009287,Done
processed_0011269,Done
processed_0011737,Done
processed_0011798,Done
processed_0011824,Done
processed_0019225,Done
processed_0033327,Done
processed_0033979,Done
processed_0034546,Done
processed_0013614,To Do
processed_0018793,To Do
processed_0018841,To Do
processed_0019201,To Do
processed_0019403,To Do
processed_0020599,To Do
processed_0021361,To Do
processed_0021714,To Do
processed_0022232,To Do
processed_0022243,To Do
processed_0022952,To Do
processed_0024658,To Do
processed_0025071,To Do
processed_0025679,To Do
processed_0025848,To Do
processed_0026063,To Do
processed_0026081,To Do
processed_0026753,To Do
processed_0027131,To Do
processed_0031461,To Do
processed_0032093,To Do
processed_0032201,To Do
processed_0033251,To Do
